WSL	1581640279667
WSL\FLNT-162	1581640092749
WSL\FLNT-162-front-api	1581587038919
C:\Users\shnaka\AppData\Local\Packages\CanonicalGroupLimited.UbuntuonWindows_79rhkp1fndgsc\LocalState\rootfs\root\vue	1581586971197
C:\Users\shnaka\Desktop\samba\Github\Hosting\man-month	1581584443294
C:\Users\shnaka\Desktop\samba\Github\Hosting	1581584441638
C:\Users\shnaka\Desktop\samba\Github\Hosting\portals	1581584194074
C:\Users\shnaka\Desktop\samba\Github	1581584161232
C:\Users\shnaka\Desktop\samba\Github\man-month	1581584151147
C:\Users\shnaka\Desktop\samba	1581584127853
C:\Users\shnaka\Desktop\samba\download	1581584125932
C:\ProgramData\chocolatey\lib\tablacus	1581584123716
C:\Users\shnaka\Desktop	1581584120072
WSL\FLNT-162\src\app\pages	1581579132680
WSL\FLNT-162\src\app\pages\top	1581577565334
WSL\FLNT-162\src\app	1581577557272
WSL\FLNT-162\src	1581577555583
WSL\FLNT-162-front-api\Caplan.Core	1581574845578
WSL\FLNT-162-front-api\Caplan.Core\Services	1581574834580
WSL\FLNT-162-front-api\Caplan.Core\Services\StaffNotice	1581574833451
WSL\FLNT-162-front-api\Caplan.Core\Services\MyPageRegister	1581574566753
WSL\FLNT-162-front-api\Caplan.JobSearch	1581574540889
WSL\FLNT-162-front-api\Caplan.JobSearch\Views	1581574539714
WSL\FLNT-162-front-api\Caplan.JobSearch\Views\Search	1581574106555
WSL\FLNT-162-front-api\Caplan.JobSearch\Views\Shared	1581574100202
WSL\FLNT-162-front-api\Caplan.JobSearch\Views\Search\Recommend	1581573886731
WSL\front-api-develop	1581573757057
C:\Users\shnaka\Desktop\samba\緊急タスク\20200213	1581560708006
C:\Users\shnaka\Desktop\samba\緊急タスク	1581560707123
C:\Users\shnaka\Desktop\samba\緊急タスク\20200117	1581560706467
C:\Users\shnaka\Desktop\samba\記事関係	1581560689929
C:\Users\shnaka\Desktop\samba\Snippets	1581560684330
C:\Users\shnaka\Desktop\samba\pwa	1581560681350
WSL\FLNT-162\src\app\pages\registration	1581557543318
WSL\mypage-frontend-develop\src\app\pages\top	1581557528537
C:\Users\shnaka\Downloads	1581554513390
C:\Users\shnaka	1581475437799
samba\Binary-1\_download\Python・Janomeで学ぶ自然言語処理入門ハンズオン	1581470626484
samba\Binary-1\_download	1581469922843
samba\Binary-1	1581469921750
samba	1581469919165
samba\Chocolatey	1581469917390
WSL\mypage-frontend-develop\src\app\pages	1581038572318
WSL\mypage-frontend-develop\src\app	1581038569572
WSL\mypage-frontend-develop\src	1581038568865
WSL\mypage-frontend-develop\src\typings	1581038567954
WSL\mypage-frontend-develop\src\server	1581038566092
WSL\mypage-frontend-develop\src\assets	1581038563827
WSL\mypage-frontend-develop	1581038543408
WSL\FLNT-110	1581038537961
WSL\FLNT-110\front-api-develop	1581038535756
C:\Users\shnaka\AppData\Local\Packages\CanonicalGroupLimited.UbuntuonWindows_79rhkp1fndgsc\LocalState\rootfs\root	1580980114808
::{20D04FE0-3AEA-1069-A2D8-08002B30309D}\::{B4BFCC3A-DB2C-424C-B029-7FE99A87C641}\samba\pwa	1580980096259
::{20D04FE0-3AEA-1069-A2D8-08002B30309D}\::{B4BFCC3A-DB2C-424C-B029-7FE99A87C641}\samba\pwa\pages	1580980094947
C:\Users\shnaka\AppData\Local\Packages\CanonicalGroupLimited.UbuntuonWindows_79rhkp1fndgsc\LocalState\rootfs	1580979594788
C:\Users\shnaka\AppData\Local\Packages\CanonicalGroupLimited.UbuntuonWindows_79rhkp1fndgsc\LocalState\rootfs\root\nuxt	1580979588152
C:\Users\shnaka\AppData\Local\Packages\CanonicalGroupLimited.UbuntuonWindows_79rhkp1fndgsc\LocalState\rootfs\root\nuxt\pwa	1580978429223
C:\Users\shnaka\AppData\Local\Packages\CanonicalGroupLimited.UbuntuonWindows_79rhkp1fndgsc\LocalState	1580440914614
C:\Users\shnaka\AppData\Local\Packages\CanonicalGroupLimited.UbuntuonWindows_79rhkp1fndgsc	1580440906859
C:\Users\shnaka\AppData\Local\Packages	1580440898807
C:\Users\shnaka\AppData\Local	1580440851935
C:\Users\shnaka\AppData	1580440850886
C:\Users\shnaka\AppData\Roaming	1580440849548
samba\revealjs-for-lt.js	1580376634124
samba\revealjs-ck	1580285064847
samba\revealjs-ck\takahashi	1580285063593
samba\revealjs	1580285047893
samba\revealjs-for-lt.js\slides	1580285044378
samba\reveal.js	1580284993989
samba\reveal.js\slides	1580284633380
samba\reveal.js\md	1580283697847
samba\reveal.js\img	1580282657420
samba\emoji	1580276763394
WSL\FLNT-159\front-api-develop	1579855161007
WSL\FLNT-159	1579759788371
WSL\front-api	1579654315650
WSL\front-api\Caplan.FrontManager	1579653064944
samba\Binary-1\_download\test	1579597807009
samba\GAS_master	1579597764361
samba\GAS_master\_download	1579597763036
samba\GASVue	1579597752365
samba\python	1579597713931
samba\python\python	1579581702844
samba\Binary-1\_download\test.zip	1579580655843
samba\Binary-1\_download\test.zip\test	1579580654455
samba\Binary-1\_download\techbook.zip	1579580577279
samba\download	1579576374355
samba\emoji\img	1579566152271
samba\記事関係	1579481054062
samba\記事関係\画像	1579481051345
samba\記事関係\画像\origin	1579481049821
C:\Users\shnaka\Desktop\samba\記事関係\画像	1579250141464
samba\記事関係\記事	1579240312760
samba\download\Shukusen150	1579239819207
samba\download\Shukusen150\Shukusen	1579239815541
samba\記事関係\lt	1579239746324
samba\emoji\Resized	1579238938068
samba\download\Shukusen150\Shukusen\help	1579238751644
WSL\front-api\Caplan.Core	1579237298962
about:newtab	1579237267702
::{20D04FE0-3AEA-1069-A2D8-08002B30309D}\::{B4BFCC3A-DB2C-424C-B029-7FE99A87C641}\samba\revealjs-ck	1579166779820
::{20D04FE0-3AEA-1069-A2D8-08002B30309D}\::{B4BFCC3A-DB2C-424C-B029-7FE99A87C641}\samba\revealjs-ck\slides	1579166377290
::{20D04FE0-3AEA-1069-A2D8-08002B30309D}\::{B4BFCC3A-DB2C-424C-B029-7FE99A87C641}\samba\README_Private	1579163210699
::{20D04FE0-3AEA-1069-A2D8-08002B30309D}\::{B4BFCC3A-DB2C-424C-B029-7FE99A87C641}\samba\Chocolatey	1579162682183
::{20D04FE0-3AEA-1069-A2D8-08002B30309D}\::{B4BFCC3A-DB2C-424C-B029-7FE99A87C641}\samba\NoGHP_Private	1579162667466
::{20D04FE0-3AEA-1069-A2D8-08002B30309D}\::{B4BFCC3A-DB2C-424C-B029-7FE99A87C641}\samba\Events	1579162651065
::{20D04FE0-3AEA-1069-A2D8-08002B30309D}\::{B4BFCC3A-DB2C-424C-B029-7FE99A87C641}\samba\GAS_master	1579161509956
::{20D04FE0-3AEA-1069-A2D8-08002B30309D}\::{B4BFCC3A-DB2C-424C-B029-7FE99A87C641}\samba\Chocolatey\cinst	1579159798935
::{20D04FE0-3AEA-1069-A2D8-08002B30309D}\::{B4BFCC3A-DB2C-424C-B029-7FE99A87C641}\samba\Chocolatey\cinst\tablacus	1579159792446
::{20D04FE0-3AEA-1069-A2D8-08002B30309D}\::{B4BFCC3A-DB2C-424C-B029-7FE99A87C641}\samba\Chocolatey\cinst\tablacus\tools	1579159791693
::{20D04FE0-3AEA-1069-A2D8-08002B30309D}\::{B4BFCC3A-DB2C-424C-B029-7FE99A87C641}\samba\Chocolatey\cinst\tablacus\tools\addons	1579159788902
::{20D04FE0-3AEA-1069-A2D8-08002B30309D}\::{B4BFCC3A-DB2C-424C-B029-7FE99A87C641}\samba\caplan-api	1579159447557
::{20D04FE0-3AEA-1069-A2D8-08002B30309D}\::{B4BFCC3A-DB2C-424C-B029-7FE99A87C641}\samba\Chocolatey\WSL	1579159299811
::{20D04FE0-3AEA-1069-A2D8-08002B30309D}\::{B4BFCC3A-DB2C-424C-B029-7FE99A87C641}\samba\setup_for_chocolatey\installer	1579159190980
::{20D04FE0-3AEA-1069-A2D8-08002B30309D}\::{B4BFCC3A-DB2C-424C-B029-7FE99A87C641}\samba\Chocolatey\task_scheduler	1579159060796
::{20D04FE0-3AEA-1069-A2D8-08002B30309D}\::{B4BFCC3A-DB2C-424C-B029-7FE99A87C641}\samba\Chocolatey\tools	1579158998316
::{20D04FE0-3AEA-1069-A2D8-08002B30309D}\::{B4BFCC3A-DB2C-424C-B029-7FE99A87C641}\samba\Chocolatey\TablacusExplorer	1579158986111
::{20D04FE0-3AEA-1069-A2D8-08002B30309D}\::{B4BFCC3A-DB2C-424C-B029-7FE99A87C641}\samba\Chocolatey\sc	1579158981252
::{20D04FE0-3AEA-1069-A2D8-08002B30309D}\::{B4BFCC3A-DB2C-424C-B029-7FE99A87C641}\samba\setup_for_chocolatey	1579158905350
::{20D04FE0-3AEA-1069-A2D8-08002B30309D}\::{B4BFCC3A-DB2C-424C-B029-7FE99A87C641}\samba\Chocolatey\installer	1579158854693
::{20D04FE0-3AEA-1069-A2D8-08002B30309D}\::{B4BFCC3A-DB2C-424C-B029-7FE99A87C641}\samba\Chocolatey\chocolatey	1579158736437
::{20D04FE0-3AEA-1069-A2D8-08002B30309D}\::{B4BFCC3A-DB2C-424C-B029-7FE99A87C641}\samba\setup_for_chocolatey\cinst	1579158474225
::{20D04FE0-3AEA-1069-A2D8-08002B30309D}\::{B4BFCC3A-DB2C-424C-B029-7FE99A87C641}\samba\setup_for_chocolatey\primitive	1579158461104
::{20D04FE0-3AEA-1069-A2D8-08002B30309D}\::{B4BFCC3A-DB2C-424C-B029-7FE99A87C641}\samba\setup_for_chocolatey\tool	1579158241024
::{20D04FE0-3AEA-1069-A2D8-08002B30309D}\::{B4BFCC3A-DB2C-424C-B029-7FE99A87C641}\samba\clean_oldsnippet_sample	1579157885483
::{20D04FE0-3AEA-1069-A2D8-08002B30309D}\::{B4BFCC3A-DB2C-424C-B029-7FE99A87C641}\samba\clean_oldsnippet	1579157876026
::{20D04FE0-3AEA-1069-A2D8-08002B30309D}\::{B4BFCC3A-DB2C-424C-B029-7FE99A87C641}\samba\discard-revealjs_githubpages	1579157300297
::{20D04FE0-3AEA-1069-A2D8-08002B30309D}\::{B4BFCC3A-DB2C-424C-B029-7FE99A87C641}\samba\discard-revealjs_demo	1579157291119
::{20D04FE0-3AEA-1069-A2D8-08002B30309D}\::{B4BFCC3A-DB2C-424C-B029-7FE99A87C641}\samba\Events\_download	1579155072571
::{20D04FE0-3AEA-1069-A2D8-08002B30309D}\::{B4BFCC3A-DB2C-424C-B029-7FE99A87C641}\samba\download	1579155015238
::{20D04FE0-3AEA-1069-A2D8-08002B30309D}\::{B4BFCC3A-DB2C-424C-B029-7FE99A87C641}\samba\caplan-api\2017	1579155009070
::{20D04FE0-3AEA-1069-A2D8-08002B30309D}\::{B4BFCC3A-DB2C-424C-B029-7FE99A87C641}\samba\caplan-api\2017\04	1579155008494
::{20D04FE0-3AEA-1069-A2D8-08002B30309D}\::{B4BFCC3A-DB2C-424C-B029-7FE99A87C641}\samba\caplan-api\2017\04\30	1579155006997
::{20D04FE0-3AEA-1069-A2D8-08002B30309D}\::{B4BFCC3A-DB2C-424C-B029-7FE99A87C641}\samba\caplan-api\2017\05	1579154997738
::{20D04FE0-3AEA-1069-A2D8-08002B30309D}\::{B4BFCC3A-DB2C-424C-B029-7FE99A87C641}\samba\GAS	1579154918742
::{20D04FE0-3AEA-1069-A2D8-08002B30309D}\::{B4BFCC3A-DB2C-424C-B029-7FE99A87C641}\samba\setup_for_chocolatey\tablacus	1578993014349
17	1578992500099
C:\	1578992499287
C:\ProgramData	1578992498949
C:\ProgramData\chocolatey	1578992498607
C:\ProgramData\chocolatey\lib	1578992497253
::{59031A47-3F72-44A7-89C5-5595FE6B30EE}\{7D83EE9B-2244-4E70-B1F5-5393042AF1E4}\project\other\life-burrn\setup_for_chocolatey\tablacus\tools	1577261422033
::{59031A47-3F72-44A7-89C5-5595FE6B30EE}\{7D83EE9B-2244-4E70-B1F5-5393042AF1E4}\project\other\life-burrn\setup_for_chocolatey\tablacus
::{20D04FE0-3AEA-1069-A2D8-08002B30309D}\::{B4BFCC3A-DB2C-424C-B029-7FE99A87C641}\samba	1580980098979
::{20D04FE0-3AEA-1069-A2D8-08002B30309D}\::{B4BFCC3A-DB2C-424C-B029-7FE99A87C641}	1580979600315
C:\ProgramData\chocolatey\tools	1578992089666
::{59031A47-3F72-44A7-89C5-5595FE6B30EE}\{7D83EE9B-2244-4E70-B1F5-5393042AF1E4}\project\bitbucket\mypage-frontend-FLNT-154\src\app\pages	1578992045364
::{59031A47-3F72-44A7-89C5-5595FE6B30EE}\{7D83EE9B-2244-4E70-B1F5-5393042AF1E4}	1578992041599
::{59031A47-3F72-44A7-89C5-5595FE6B30EE}\{7D83EE9B-2244-4E70-B1F5-5393042AF1E4}\project\other\life-burrn\setup_for_chocolatey	1578992035795
